bunji,lat,lng
서울특별시 광진구 자양동 8-8,127.066742640046,37.5407866845395
서울특별시 광진구 자양동 680-63,127.08838004671,37.5356735680916
서울특별시 광진구 자양동 783-1,127.074584189017,37.5364481687078
서울특별시 광진구 자양동 516,127.071892224601,37.5359972647531
서울특별시 광진구 자양동 57-103,127.064494105271,37.5335743756259
서울특별시 광진구 자양동 829,127.066822270559,37.5329080959151
서울특별시 광진구 자양동 762,127.070094228436,37.5356988820411
서울특별시 광진구 자양동 829,127.066822270559,37.5329080959151
서울특별시 광진구 자양동 520-2,127.073930619283,37.5333678512725
서울특별시 광진구 자양동 829,127.066822270559,37.5329080959151
서울특별시 광진구 자양동 670,127.083431252906,37.5285959940336
서울특별시 광진구 자양동 579,127.075604655476,37.5344378505037
서울특별시 광진구 자양동 672,127.084674296628,37.52817607523
서울특별시 광진구 자양동 642,127.078283311318,37.5286281569959
서울특별시 광진구 자양동 695,127.09106416094,37.5312608357919
서울특별시 광진구 자양동 670,127.083431252906,37.5285959940336
서울특별시 광진구 자양동 858,127.063296942469,37.5397087954079
서울특별시 광진구 자양동 829,127.066822270559,37.5329080959151
서울특별시 광진구 자양동 520-2,127.073930619283,37.5333678512725
서울특별시 광진구 자양동 761,127.070628456292,37.5341506802895
서울특별시 광진구 자양동 644,127.08137310012,37.5281324470382
서울특별시 광진구 자양동 788,127.069713264016,37.5330435166067
서울특별시 광진구 자양동 829,127.066822270559,37.5329080959151
서울특별시 광진구 자양동 520-2,127.073930619283,37.5333678512725
서울특별시 광진구 자양동 856,127.06910842583,37.5321370668036
서울특별시 광진구 자양동 789,127.071889403323,37.5335403719562
서울특별시 광진구 자양동 783-1,127.074584189017,37.5364481687078
서울특별시 광진구 자양동 788,127.069713264016,37.5330435166067
서울특별시 광진구 자양동 783-1,127.074584189017,37.5364481687078
서울특별시 광진구 자양동 227-7,127.072578930449,37.5377812110958
서울특별시 광진구 자양동 809,127.06959614733,37.5313246445173
서울특별시 광진구 자양동 670,127.083431252906,37.5285959940336
서울특별시 광진구 자양동 520-2,127.073930619283,37.5333678512725
서울특별시 광진구 자양동 520-2,127.073930619283,37.5333678512725
서울특별시 광진구 자양동 658-14,127.084488860326,37.53257940565
서울특별시 광진구 자양동 831-1,127.065941962874,37.5332641290139
서울특별시 광진구 자양동 809,127.06959614733,37.5313246445173
서울특별시 광진구 자양동 516,127.071892224601,37.5359972647531
서울특별시 광진구 자양동 645-5,127.082407971401,37.5280620517763
서울특별시 광진구 자양동 579,127.075604655476,37.5344378505037
서울특별시 광진구 자양동 853,127.061803258284,37.5336222778297
서울특별시 광진구 자양동 87-1,127.065457599239,37.5325792782817
서울특별시 광진구 자양동 87-1,127.065457599239,37.5325792782817
서울특별시 광진구 자양동 761,127.070628456292,37.5341506802895
서울특별시 광진구 자양동 856,127.06910842583,37.5321370668036
서울특별시 광진구 자양동 520-2,127.073930619283,37.5333678512725
서울특별시 광진구 자양동 783-1,127.074584189017,37.5364481687078
서울특별시 광진구 자양동 520-2,127.073930619283,37.5333678512725
서울특별시 광진구 자양동 520-2,127.073930619283,37.5333678512725
서울특별시 광진구 자양동 87-1,127.065457599239,37.5325792782817
서울특별시 광진구 자양동 516,127.071892224601,37.5359972647531
서울특별시 광진구 자양동 642,127.078283311318,37.5286281569959
서울특별시 광진구 자양동 642,127.078283311318,37.5286281569959
서울특별시 광진구 자양동 87-1,127.065457599239,37.5325792782817
서울특별시 광진구 자양동 520-2,127.073930619283,37.5333678512725
서울특별시 광진구 자양동 642,127.078283311318,37.5286281569959
서울특별시 광진구 자양동 853,127.061803258284,37.5336222778297
서울특별시 광진구 자양동 830,127.065067967389,37.5334902467359
서울특별시 광진구 자양동 642,127.078283311318,37.5286281569959
서울특별시 광진구 자양동 783-1,127.074584189017,37.5364481687078
서울특별시 광진구 자양동 642,127.078283311318,37.5286281569959
서울특별시 광진구 자양동 783-1,127.074584189017,37.5364481687078
서울특별시 광진구 자양동 670,127.083431252906,37.5285959940336
서울특별시 광진구 자양동 645-5,127.082407971401,37.5280620517763
서울특별시 광진구 자양동 789,127.071889403323,37.5335403719562
서울특별시 광진구 자양동 789,127.071889403323,37.5335403719562
서울특별시 광진구 자양동 520-2,127.073930619283,37.5333678512725
서울특별시 광진구 자양동 853,127.061803258284,37.5336222778297
서울특별시 광진구 자양동 787,127.071712902478,37.5322232177042
서울특별시 광진구 자양동 520-2,127.073930619283,37.5333678512725
서울특별시 광진구 자양동 853,127.061803258284,37.5336222778297
서울특별시 광진구 자양동 87-1,127.065457599239,37.5325792782817
서울특별시 광진구 자양동 783-1,127.074584189017,37.5364481687078
서울특별시 광진구 자양동 853,127.061803258284,37.5336222778297
서울특별시 광진구 자양동 516,127.071892224601,37.5359972647531
서울특별시 광진구 자양동 829,127.066822270559,37.5329080959151
서울특별시 광진구 자양동 787,127.071712902478,37.5322232177042
서울특별시 광진구 자양동 783-1,127.074584189017,37.5364481687078
서울특별시 광진구 자양동 853,127.061803258284,37.5336222778297
서울특별시 광진구 자양동 87-1,127.065457599239,37.5325792782817
서울특별시 광진구 자양동 783-1,127.074584189017,37.5364481687078
서울특별시 광진구 자양동 520-2,127.073930619283,37.5333678512725
서울특별시 광진구 자양동 515-1,127.070583392884,37.5366955983178
서울특별시 광진구 자양동 787,127.071712902478,37.5322232177042
서울특별시 광진구 자양동 520-2,127.073930619283,37.5333678512725
서울특별시 광진구 자양동 520-2,127.073930619283,37.5333678512725
서울특별시 광진구 자양동 787,127.071712902478,37.5322232177042
서울특별시 광진구 자양동 515-1,127.070583392884,37.5366955983178
서울특별시 광진구 자양동 520-2,127.073930619283,37.5333678512725
서울특별시 광진구 자양동 789,127.071889403323,37.5335403719562
서울특별시 광진구 자양동 516,127.071892224601,37.5359972647531
서울특별시 광진구 자양동 783-1,127.074584189017,37.5364481687078
서울특별시 광진구 자양동 642,127.078283311318,37.5286281569959
서울특별시 광진구 자양동 520-2,127.073930619283,37.5333678512725
서울특별시 광진구 자양동 854,127.067965794451,37.5319008953726
서울특별시 광진구 자양동 520-2,127.073930619283,37.5333678512725
서울특별시 광진구 자양동 579,127.075604655476,37.5344378505037
서울특별시 광진구 자양동 783-1,127.074584189017,37.5364481687078
서울특별시 광진구 자양동 578,127.07581198298,37.5352291165269
서울특별시 광진구 자양동 761,127.070628456292,37.5341506802895
서울특별시 광진구 자양동 644,127.08137310012,37.5281324470382
서울특별시 광진구 자양동 520-2,127.073930619283,37.5333678512725
서울특별시 광진구 자양동 787,127.071712902478,37.5322232177042
서울특별시 광진구 자양동 783-1,127.074584189017,37.5364481687078
서울특별시 광진구 자양동 829,127.066822270559,37.5329080959151
서울특별시 광진구 자양동 87-1,127.065457599239,37.5325792782817
서울특별시 광진구 자양동 645-5,127.082407971401,37.5280620517763
서울특별시 광진구 자양동 644,127.08137310012,37.5281324470382
서울특별시 광진구 자양동 642,127.078283311318,37.5286281569959
서울특별시 광진구 자양동 520-2,127.073930619283,37.5333678512725
서울특별시 광진구 자양동 788,127.069713264016,37.5330435166067
서울특별시 광진구 자양동 87-1,127.065457599239,37.5325792782817
서울특별시 광진구 자양동 644,127.08137310012,37.5281324470382
서울특별시 광진구 자양동 790,127.069236646266,37.5338314904458
서울특별시 광진구 자양동 783-1,127.074584189017,37.5364481687078
서울특별시 광진구 자양동 793,127.070517194096,37.5312357647125
서울특별시 광진구 자양동 672,127.084674296628,37.52817607523
서울특별시 광진구 자양동 520-2,127.073930619283,37.5333678512725
서울특별시 광진구 자양동 809,127.06959614733,37.5313246445173
서울특별시 광진구 자양동 761,127.070628456292,37.5341506802895
서울특별시 광진구 자양동 831-1,127.065941962874,37.5332641290139
서울특별시 광진구 자양동 520-2,127.073930619283,37.5333678512725
서울특별시 광진구 자양동 670,127.083431252906,37.5285959940336
서울특별시 광진구 자양동 762,127.070094228436,37.5356988820411
서울특별시 광진구 자양동 761,127.070628456292,37.5341506802895
서울특별시 광진구 자양동 520-2,127.073930619283,37.5333678512725
서울특별시 광진구 자양동 786,127.071701372597,37.5328606864778
서울특별시 광진구 자양동 788,127.069713264016,37.5330435166067
서울특별시 광진구 자양동 861,127.068800877751,37.5374299544845
서울특별시 광진구 자양동 813,127.089770558375,37.5300809251778
서울특별시 광진구 자양동 783-1,127.074584189017,37.5364481687078
서울특별시 광진구 자양동 579,127.075604655476,37.5344378505037
서울특별시 광진구 자양동 670,127.083431252906,37.5285959940336
서울특별시 광진구 자양동 789,127.071889403323,37.5335403719562
서울특별시 광진구 자양동 672,127.084674296628,37.52817607523
서울특별시 광진구 자양동 553-41,127.071124930366,37.5348184528521
서울특별시 광진구 자양동 830,127.065067967389,37.5334902467359
서울특별시 광진구 자양동 791,127.074332961084,37.5375824288955
서울특별시 광진구 자양동 642,127.078283311318,37.5286281569959
서울특별시 광진구 자양동 642,127.078283311318,37.5286281569959
서울특별시 광진구 자양동 642,127.078283311318,37.5286281569959
서울특별시 광진구 자양동 673,127.085854870147,37.5284327335052
서울특별시 광진구 자양동 520-2,127.073930619283,37.5333678512725
서울특별시 광진구 자양동 520-2,127.073930619283,37.5333678512725
서울특별시 광진구 자양동 829,127.066822270559,37.5329080959151
서울특별시 광진구 자양동 645-5,127.082407971401,37.5280620517763
서울특별시 광진구 자양동 783-1,127.074584189017,37.5364481687078
서울특별시 광진구 자양동 644,127.08137310012,37.5281324470382
서울특별시 광진구 자양동 579,127.075604655476,37.5344378505037
서울특별시 광진구 자양동 670,127.083431252906,37.5285959940336
서울특별시 광진구 자양동 670,127.083431252906,37.5285959940336
서울특별시 광진구 자양동 761,127.070628456292,37.5341506802895
서울특별시 광진구 자양동 829,127.066822270559,37.5329080959151
서울특별시 광진구 자양동 783-1,127.074584189017,37.5364481687078
서울특별시 광진구 자양동 87-1,127.065457599239,37.5325792782817
서울특별시 광진구 자양동 520-2,127.073930619283,37.5333678512725
서울특별시 광진구 자양동 789,127.071889403323,37.5335403719562
서울특별시 광진구 자양동 520-2,127.073930619283,37.5333678512725
서울특별시 광진구 자양동 579,127.075604655476,37.5344378505037
서울특별시 광진구 자양동 670,127.083431252906,37.5285959940336
서울특별시 광진구 자양동 670,127.083431252906,37.5285959940336
서울특별시 광진구 자양동 670,127.083431252906,37.5285959940336
서울특별시 광진구 자양동 520-2,127.073930619283,37.5333678512725
서울특별시 광진구 자양동 789,127.071889403323,37.5335403719562
서울특별시 광진구 자양동 762,127.070094228436,37.5356988820411
서울특별시 광진구 자양동 87-1,127.065457599239,37.5325792782817
서울특별시 광진구 자양동 792,127.070549188528,37.5334737317728
서울특별시 광진구 자양동 641,127.078967617754,37.528950709382
서울특별시 광진구 자양동 673,127.085854870147,37.5284327335052
서울특별시 광진구 자양동 856,127.06910842583,37.5321370668036
서울특별시 광진구 자양동 553-41,127.071124930366,37.5348184528521
서울특별시 광진구 자양동 673,127.085854870147,37.5284327335052
서울특별시 광진구 자양동 672,127.084674296628,37.52817607523
서울특별시 광진구 자양동 516,127.071892224601,37.5359972647531
서울특별시 광진구 자양동 520-2,127.073930619283,37.5333678512725
서울특별시 광진구 자양동 516,127.071892224601,37.5359972647531
서울특별시 광진구 자양동 645-5,127.082407971401,37.5280620517763
서울특별시 광진구 자양동 641,127.078967617754,37.528950709382
서울특별시 광진구 자양동 762,127.070094228436,37.5356988820411
서울특별시 광진구 자양동 761,127.070628456292,37.5341506802895
서울특별시 광진구 자양동 642,127.078283311318,37.5286281569959
서울특별시 광진구 자양동 520-2,127.073930619283,37.5333678512725
서울특별시 광진구 자양동 644,127.08137310012,37.5281324470382
서울특별시 광진구 자양동 553-41,127.071124930366,37.5348184528521
서울특별시 광진구 자양동 642,127.078283311318,37.5286281569959
서울특별시 광진구 자양동 672,127.084674296628,37.52817607523
서울특별시 광진구 자양동 515-1,127.070583392884,37.5366955983178
서울특별시 광진구 자양동 789,127.071889403323,37.5335403719562
서울특별시 광진구 자양동 515-1,127.070583392884,37.5366955983178
서울특별시 광진구 자양동 579,127.075604655476,37.5344378505037
서울특별시 광진구 자양동 579,127.075604655476,37.5344378505037
서울특별시 광진구 자양동 783-1,127.074584189017,37.5364481687078
서울특별시 광진구 자양동 644,127.08137310012,37.5281324470382
서울특별시 광진구 자양동 520-2,127.073930619283,37.5333678512725
서울특별시 광진구 자양동 762,127.070094228436,37.5356988820411
서울특별시 광진구 자양동 793,127.070517194096,37.5312357647125
서울특별시 광진구 자양동 789,127.071889403323,37.5335403719562
서울특별시 광진구 자양동 783-1,127.074584189017,37.5364481687078
서울특별시 광진구 자양동 762,127.070094228436,37.5356988820411
서울특별시 광진구 자양동 520-2,127.073930619283,37.5333678512725
서울특별시 광진구 자양동 642,127.078283311318,37.5286281569959
서울특별시 광진구 자양동 670,127.083431252906,37.5285959940336
서울특별시 광진구 자양동 787,127.071712902478,37.5322232177042
서울특별시 광진구 자양동 658-14,127.084488860326,37.53257940565
서울특별시 광진구 자양동 673,127.085854870147,37.5284327335052
서울특별시 광진구 자양동 829,127.066822270559,37.5329080959151
서울특별시 광진구 자양동 658-14,127.084488860326,37.53257940565
서울특별시 광진구 자양동 515-1,127.070583392884,37.5366955983178
서울특별시 광진구 자양동 783-1,127.074584189017,37.5364481687078
서울특별시 광진구 자양동 695,127.09106416094,37.5312608357919
서울특별시 광진구 자양동 695,127.09106416094,37.5312608357919
서울특별시 광진구 자양동 641,127.078967617754,37.528950709382
서울특별시 광진구 자양동 666-28,127.083937032831,37.529449792456
서울특별시 광진구 자양동 783-1,127.074584189017,37.5364481687078
서울특별시 광진구 자양동 810,127.081974352484,37.5399819555787
서울특별시 광진구 자양동 787,127.071712902478,37.5322232177042
서울특별시 광진구 자양동 644,127.08137310012,37.5281324470382
서울특별시 광진구 자양동 857,127.064653396009,37.5393314044845
서울특별시 광진구 자양동 579,127.075604655476,37.5344378505037
서울특별시 광진구 자양동 856,127.06910842583,37.5321370668036
서울특별시 광진구 자양동 856,127.06910842583,37.5321370668036
서울특별시 광진구 자양동 788,127.069713264016,37.5330435166067
서울특별시 광진구 자양동 520-2,127.073930619283,37.5333678512725
서울특별시 광진구 자양동 579,127.075604655476,37.5344378505037
서울특별시 광진구 자양동 761,127.070628456292,37.5341506802895
서울특별시 광진구 자양동 762,127.070094228436,37.5356988820411
서울특별시 광진구 자양동 236-11,127.062991723319,37.5372887314539
서울특별시 광진구 자양동 641,127.078967617754,37.528950709382
서울특별시 광진구 자양동 641,127.078967617754,37.528950709382
서울특별시 광진구 자양동 679-28,127.085124426605,37.5318997262918
서울특별시 광진구 자양동 515-1,127.070583392884,37.5366955983178
서울특별시 광진구 자양동 856,127.06910842583,37.5321370668036
서울특별시 광진구 자양동 790,127.069236646266,37.5338314904458
서울특별시 광진구 자양동 641,127.078967617754,37.528950709382
서울특별시 광진구 자양동 644,127.08137310012,37.5281324470382
서울특별시 광진구 자양동 793,127.070517194096,37.5312357647125
서울특별시 광진구 자양동 789,127.071889403323,37.5335403719562
서울특별시 광진구 자양동 783-1,127.074584189017,37.5364481687078
서울특별시 광진구 자양동 787,127.071712902478,37.5322232177042
서울특별시 광진구 자양동 641,127.078967617754,37.528950709382
서울특별시 광진구 자양동 673,127.085854870147,37.5284327335052
서울특별시 광진구 자양동 787,127.071712902478,37.5322232177042
서울특별시 광진구 자양동 695,127.09106416094,37.5312608357919
서울특별시 광진구 자양동 57-103,127.064494105271,37.5335743756259
서울특별시 광진구 자양동 761,127.070628456292,37.5341506802895
서울특별시 광진구 자양동 856,127.06910842583,37.5321370668036
서울특별시 광진구 자양동 553-41,127.071124930366,37.5348184528521
서울특별시 광진구 자양동 644,127.08137310012,37.5281324470382
서울특별시 광진구 자양동 644,127.08137310012,37.5281324470382
서울특별시 광진구 자양동 645-5,127.082407971401,37.5280620517763
서울특별시 광진구 자양동 783-1,127.074584189017,37.5364481687078
서울특별시 광진구 자양동 515-1,127.070583392884,37.5366955983178
서울특별시 광진구 자양동 515-1,127.070583392884,37.5366955983178
서울특별시 광진구 자양동 829,127.066822270559,37.5329080959151
서울특별시 광진구 자양동 695,127.09106416094,37.5312608357919
서울특별시 광진구 자양동 788,127.069713264016,37.5330435166067
서울특별시 광진구 자양동 579,127.075604655476,37.5344378505037
서울특별시 광진구 자양동 672,127.084674296628,37.52817607523
서울특별시 광진구 자양동 809,127.06959614733,37.5313246445173
서울특별시 광진구 자양동 792,127.070549188528,37.5334737317728
서울특별시 광진구 자양동 644,127.08137310012,37.5281324470382
서울특별시 광진구 자양동 784-1,127.068327532195,37.5364208371507
서울특별시 광진구 자양동 831-1,127.065941962874,37.5332641290139
서울특별시 광진구 자양동 57-103,127.064494105271,37.5335743756259
서울특별시 광진구 자양동 644,127.08137310012,37.5281324470382
서울특별시 광진구 자양동 783-1,127.074584189017,37.5364481687078
서울특별시 광진구 자양동 787,127.071712902478,37.5322232177042
서울특별시 광진구 자양동 783-1,127.074584189017,37.5364481687078
서울특별시 광진구 자양동 670,127.083431252906,37.5285959940336
서울특별시 광진구 자양동 520-2,127.073930619283,37.5333678512725
서울특별시 광진구 자양동 673,127.085854870147,37.5284327335052
서울특별시 광진구 자양동 673,127.085854870147,37.5284327335052
서울특별시 광진구 자양동 786,127.071701372597,37.5328606864778
서울특별시 광진구 자양동 516,127.071892224601,37.5359972647531
서울특별시 광진구 자양동 645-5,127.082407971401,37.5280620517763
서울특별시 광진구 자양동 787,127.071712902478,37.5322232177042
서울특별시 광진구 자양동 515-1,127.070583392884,37.5366955983178
서울특별시 광진구 자양동 516,127.071892224601,37.5359972647531
서울특별시 광진구 자양동 520-2,127.073930619283,37.5333678512725
서울특별시 광진구 자양동 787,127.071712902478,37.5322232177042
서울특별시 광진구 자양동 516,127.071892224601,37.5359972647531
서울특별시 광진구 자양동 644,127.08137310012,37.5281324470382
서울특별시 광진구 자양동 642,127.078283311318,37.5286281569959
서울특별시 광진구 자양동 642,127.078283311318,37.5286281569959
서울특별시 광진구 자양동 670,127.083431252906,37.5285959940336
서울특별시 광진구 자양동 553-41,127.071124930366,37.5348184528521
서울특별시 광진구 자양동 793,127.070517194096,37.5312357647125
서울특별시 광진구 자양동 672,127.084674296628,37.52817607523
서울특별시 광진구 자양동 87-1,127.065457599239,37.5325792782817
서울특별시 광진구 자양동 57-103,127.064494105271,37.5335743756259
서울특별시 광진구 자양동 695,127.09106416094,37.5312608357919
서울특별시 광진구 자양동 516,127.071892224601,37.5359972647531
서울특별시 광진구 자양동 520-2,127.073930619283,37.5333678512725
서울특별시 광진구 자양동 642,127.078283311318,37.5286281569959
서울특별시 광진구 자양동 792,127.070549188528,37.5334737317728
서울특별시 광진구 자양동 788,127.069713264016,37.5330435166067
서울특별시 광진구 자양동 672,127.084674296628,37.52817607523
서울특별시 광진구 자양동 790,127.069236646266,37.5338314904458
서울특별시 광진구 자양동 695,127.09106416094,37.5312608357919
서울특별시 광진구 자양동 787,127.071712902478,37.5322232177042
서울특별시 광진구 자양동 516,127.071892224601,37.5359972647531
서울특별시 광진구 자양동 783-1,127.074584189017,37.5364481687078
서울특별시 광진구 자양동 811,127.075711732347,37.5295374698206
서울특별시 광진구 자양동 87-1,127.065457599239,37.5325792782817
서울특별시 광진구 자양동 641,127.078967617754,37.528950709382
서울특별시 광진구 자양동 520-2,127.073930619283,37.5333678512725
서울특별시 광진구 자양동 853,127.061803258284,37.5336222778297
서울특별시 광진구 자양동 670,127.083431252906,37.5285959940336
서울특별시 광진구 자양동 642,127.078283311318,37.5286281569959
서울특별시 광진구 자양동 783-1,127.074584189017,37.5364481687078
서울특별시 광진구 자양동 672,127.084674296628,37.52817607523
서울특별시 광진구 자양동 516,127.071892224601,37.5359972647531
서울특별시 광진구 자양동 642,127.078283311318,37.5286281569959
서울특별시 광진구 자양동 783-1,127.074584189017,37.5364481687078
서울특별시 광진구 자양동 809,127.06959614733,37.5313246445173
서울특별시 광진구 자양동 783-1,127.074584189017,37.5364481687078
서울특별시 광진구 자양동 520-2,127.073930619283,37.5333678512725
서울특별시 광진구 자양동 783-1,127.074584189017,37.5364481687078
서울특별시 광진구 자양동 787,127.071712902478,37.5322232177042
서울특별시 광진구 자양동 809,127.06959614733,37.5313246445173
서울특별시 광진구 자양동 783-1,127.074584189017,37.5364481687078
서울특별시 광진구 자양동 644,127.08137310012,37.5281324470382
서울특별시 광진구 자양동 57-103,127.064494105271,37.5335743756259
서울특별시 광진구 자양동 829,127.066822270559,37.5329080959151
서울특별시 광진구 자양동 829,127.066822270559,37.5329080959151
서울특별시 광진구 자양동 813,127.089770558375,37.5300809251778
서울특별시 광진구 자양동 87-1,127.065457599239,37.5325792782817
서울특별시 광진구 자양동 789,127.071889403323,37.5335403719562
서울특별시 광진구 자양동 642,127.078283311318,37.5286281569959
서울특별시 광진구 자양동 792,127.070549188528,37.5334737317728
서울특별시 광진구 자양동 789,127.071889403323,37.5335403719562
서울특별시 광진구 자양동 853,127.061803258284,37.5336222778297
서울특별시 광진구 자양동 762,127.070094228436,37.5356988820411
서울특별시 광진구 자양동 672,127.084674296628,37.52817607523
서울특별시 광진구 자양동 792,127.070549188528,37.5334737317728
서울특별시 광진구 자양동 670,127.083431252906,37.5285959940336
서울특별시 광진구 자양동 695,127.09106416094,37.5312608357919
서울특별시 광진구 자양동 761,127.070628456292,37.5341506802895
서울특별시 광진구 자양동 670,127.083431252906,37.5285959940336
서울특별시 광진구 자양동 642,127.078283311318,37.5286281569959
서울특별시 광진구 자양동 57-103,127.064494105271,37.5335743756259
서울특별시 광진구 자양동 809,127.06959614733,37.5313246445173
서울특별시 광진구 자양동 829,127.066822270559,37.5329080959151
서울특별시 광진구 자양동 8-8,127.066742640046,37.5407866845395
서울특별시 광진구 자양동 830,127.065067967389,37.5334902467359
서울특별시 광진구 자양동 670,127.083431252906,37.5285959940336
서울특별시 광진구 자양동 644,127.08137310012,37.5281324470382
서울특별시 광진구 자양동 520-2,127.073930619283,37.5333678512725
서울특별시 광진구 자양동 642,127.078283311318,37.5286281569959
서울특별시 광진구 자양동 644,127.08137310012,37.5281324470382
서울특별시 광진구 자양동 644,127.08137310012,37.5281324470382
서울특별시 광진구 자양동 860,127.077937355981,37.5382456078355
서울특별시 광진구 자양동 670,127.083431252906,37.5285959940336
서울특별시 광진구 자양동 789,127.071889403323,37.5335403719562
서울특별시 광진구 자양동 587-6,127.071764285439,37.5306331815306
서울특별시 광진구 자양동 642,127.078283311318,37.5286281569959
서울특별시 광진구 자양동 809,127.06959614733,37.5313246445173
서울특별시 광진구 자양동 811,127.075711732347,37.5295374698206
서울특별시 광진구 자양동 810,127.081974352484,37.5399819555787
서울특별시 광진구 자양동 579,127.075604655476,37.5344378505037
서울특별시 광진구 자양동 762,127.070094228436,37.5356988820411
서울특별시 광진구 자양동 762,127.070094228436,37.5356988820411
서울특별시 광진구 자양동 783-1,127.074584189017,37.5364481687078
서울특별시 광진구 자양동 520-2,127.073930619283,37.5333678512725
서울특별시 광진구 자양동 588,127.072239433368,37.5306019184542
서울특별시 광진구 자양동 783-1,127.074584189017,37.5364481687078
서울특별시 광진구 자양동 695,127.09106416094,37.5312608357919
서울특별시 광진구 자양동 695,127.09106416094,37.5312608357919
서울특별시 광진구 자양동 695,127.09106416094,37.5312608357919
서울특별시 광진구 자양동 695,127.09106416094,37.5312608357919
서울특별시 광진구 자양동 644,127.08137310012,37.5281324470382
서울특별시 광진구 자양동 520-2,127.073930619283,37.5333678512725
서울특별시 광진구 자양동 784-1,127.068327532195,37.5364208371507
서울특별시 광진구 자양동 673,127.085854870147,37.5284327335052
서울특별시 광진구 자양동 579,127.075604655476,37.5344378505037
서울특별시 광진구 자양동 695,127.09106416094,37.5312608357919
서울특별시 광진구 자양동 813,127.089770558375,37.5300809251778
서울특별시 광진구 자양동 784-1,127.068327532195,37.5364208371507
서울특별시 광진구 자양동 784-1,127.068327532195,37.5364208371507
서울특별시 광진구 자양동 783-1,127.074584189017,37.5364481687078
서울특별시 광진구 자양동 645-5,127.082407971401,37.5280620517763
서울특별시 광진구 자양동 856,127.06910842583,37.5321370668036
서울특별시 광진구 자양동 695,127.09106416094,37.5312608357919
서울특별시 광진구 자양동 666-28,127.083937032831,37.529449792456
서울특별시 광진구 자양동 516,127.071892224601,37.5359972647531
서울특별시 광진구 자양동 695,127.09106416094,37.5312608357919
서울특별시 광진구 자양동 762,127.070094228436,37.5356988820411
서울특별시 광진구 자양동 784-1,127.068327532195,37.5364208371507
서울특별시 광진구 자양동 670,127.083431252906,37.5285959940336
서울특별시 광진구 자양동 784-1,127.068327532195,37.5364208371507
서울특별시 광진구 자양동 516-3,127.071707411031,37.5349761140915
서울특별시 광진구 자양동 658-14,127.084488860326,37.53257940565
서울특별시 광진구 자양동 695,127.09106416094,37.5312608357919
서울특별시 광진구 자양동 469,127.072256206329,37.5324726519498
서울특별시 광진구 자양동 695,127.09106416094,37.5312608357919
서울특별시 광진구 자양동 644,127.08137310012,37.5281324470382
서울특별시 광진구 자양동 672,127.084674296628,37.52817607523
서울특별시 광진구 자양동 642,127.078283311318,37.5286281569959
서울특별시 광진구 자양동 520-2,127.073930619283,37.5333678512725
서울특별시 광진구 자양동 761,127.070628456292,37.5341506802895
서울특별시 광진구 자양동 783-1,127.074584189017,37.5364481687078
서울특별시 광진구 자양동 641,127.078967617754,37.528950709382
서울특별시 광진구 자양동 695,127.09106416094,37.5312608357919
서울특별시 광진구 자양동 665,127.083007955073,37.5299352270606
서울특별시 광진구 자양동 579,127.075604655476,37.5344378505037
서울특별시 광진구 자양동 520-2,127.073930619283,37.5333678512725
서울특별시 광진구 자양동 579,127.075604655476,37.5344378505037
서울특별시 광진구 자양동 793,127.070517194096,37.5312357647125
서울특별시 광진구 자양동 642,127.078283311318,37.5286281569959
서울특별시 광진구 자양동 831-1,127.065941962874,37.5332641290139
서울특별시 광진구 자양동 680-63,127.08838004671,37.5356735680916
서울특별시 광진구 자양동 516,127.071892224601,37.5359972647531
서울특별시 광진구 자양동 516,127.071892224601,37.5359972647531
서울특별시 광진구 자양동 670,127.083431252906,37.5285959940336
서울특별시 광진구 자양동 786,127.071701372597,37.5328606864778
서울특별시 광진구 자양동 792,127.070549188528,37.5334737317728
서울특별시 광진구 자양동 553-41,127.071124930366,37.5348184528521
서울특별시 광진구 자양동 787,127.071712902478,37.5322232177042
서울특별시 광진구 자양동 644,127.08137310012,37.5281324470382
서울특별시 광진구 자양동 792,127.070549188528,37.5334737317728
서울특별시 광진구 자양동 87-1,127.065457599239,37.5325792782817
서울특별시 광진구 자양동 644,127.08137310012,37.5281324470382
서울특별시 광진구 자양동 783-1,127.074584189017,37.5364481687078
서울특별시 광진구 자양동 516,127.071892224601,37.5359972647531
서울특별시 광진구 자양동 761,127.070628456292,37.5341506802895
서울특별시 광진구 자양동 853,127.061803258284,37.5336222778297
서울특별시 광진구 자양동 642,127.078283311318,37.5286281569959
서울특별시 광진구 자양동 644,127.08137310012,37.5281324470382
서울특별시 광진구 자양동 672,127.084674296628,37.52817607523
서울특별시 광진구 자양동 520-2,127.073930619283,37.5333678512725
서울특별시 광진구 자양동 520-2,127.073930619283,37.5333678512725
서울특별시 광진구 자양동 761,127.070628456292,37.5341506802895
서울특별시 광진구 자양동 520-2,127.073930619283,37.5333678512725
서울특별시 광진구 자양동 672,127.084674296628,37.52817607523
서울특별시 광진구 자양동 829,127.066822270559,37.5329080959151
서울특별시 광진구 자양동 520-2,127.073930619283,37.5333678512725
서울특별시 광진구 자양동 579,127.075604655476,37.5344378505037
서울특별시 광진구 자양동 783-1,127.074584189017,37.5364481687078
서울특별시 광진구 자양동 553-41,127.071124930366,37.5348184528521
서울특별시 광진구 자양동 644,127.08137310012,37.5281324470382
서울특별시 광진구 자양동 789,127.071889403323,37.5335403719562
서울특별시 광진구 자양동 695,127.09106416094,37.5312608357919
서울특별시 광진구 자양동 672,127.084674296628,37.52817607523
서울특별시 광진구 자양동 645-5,127.082407971401,37.5280620517763
서울특별시 광진구 자양동 783-1,127.074584189017,37.5364481687078
서울특별시 광진구 자양동 856,127.06910842583,37.5321370668036
서울특별시 광진구 자양동 792,127.070549188528,37.5334737317728
서울특별시 광진구 자양동 783-1,127.074584189017,37.5364481687078
서울특별시 광진구 자양동 783-1,127.074584189017,37.5364481687078
서울특별시 광진구 자양동 553-41,127.071124930366,37.5348184528521
서울특별시 광진구 자양동 831-1,127.065941962874,37.5332641290139
서울특별시 광진구 자양동 854,127.067965794451,37.5319008953726
서울특별시 광진구 자양동 831-1,127.065941962874,37.5332641290139
서울특별시 광진구 자양동 579,127.075604655476,37.5344378505037
서울특별시 광진구 자양동 642,127.078283311318,37.5286281569959
서울특별시 광진구 자양동 673,127.085854870147,37.5284327335052
서울특별시 광진구 자양동 783-1,127.074584189017,37.5364481687078
서울특별시 광진구 자양동 792,127.070549188528,37.5334737317728
서울특별시 광진구 자양동 87-1,127.065457599239,37.5325792782817
서울특별시 광진구 자양동 641,127.078967617754,37.528950709382
서울특별시 광진구 자양동 641,127.078967617754,37.528950709382
서울특별시 광진구 자양동 829,127.066822270559,37.5329080959151
서울특별시 광진구 자양동 641,127.078967617754,37.528950709382
서울특별시 광진구 자양동 516,127.071892224601,37.5359972647531
서울특별시 광진구 자양동 853,127.061803258284,37.5336222778297
서울특별시 광진구 자양동 761,127.070628456292,37.5341506802895
서울특별시 광진구 자양동 642,127.078283311318,37.5286281569959
서울특별시 광진구 자양동 642,127.078283311318,37.5286281569959
서울특별시 광진구 자양동 578,127.07581198298,37.5352291165269
서울특별시 광진구 자양동 783-1,127.074584189017,37.5364481687078
서울특별시 광진구 자양동 829,127.066822270559,37.5329080959151
서울특별시 광진구 자양동 829,127.066822270559,37.5329080959151
서울특별시 광진구 자양동 672,127.084674296628,37.52817607523
서울특별시 광진구 자양동 642,127.078283311318,37.5286281569959
서울특별시 광진구 자양동 673,127.085854870147,37.5284327335052
서울특별시 광진구 자양동 783-1,127.074584189017,37.5364481687078
서울특별시 광진구 자양동 672,127.084674296628,37.52817607523
서울특별시 광진구 자양동 789,127.071889403323,37.5335403719562
서울특별시 광진구 자양동 670,127.083431252906,37.5285959940336
서울특별시 광진구 자양동 853,127.061803258284,37.5336222778297
서울특별시 광진구 자양동 642,127.078283311318,37.5286281569959
서울특별시 광진구 자양동 641,127.078967617754,37.528950709382
서울특별시 광진구 자양동 644,127.08137310012,37.5281324470382
서울특별시 광진구 자양동 831-1,127.065941962874,37.5332641290139
서울특별시 광진구 자양동 642,127.078283311318,37.5286281569959
서울특별시 광진구 자양동 644,127.08137310012,37.5281324470382
서울특별시 광진구 자양동 791,127.074332961084,37.5375824288955
서울특별시 광진구 자양동 520-2,127.073930619283,37.5333678512725
서울특별시 광진구 자양동 670,127.083431252906,37.5285959940336
서울특별시 광진구 자양동 670,127.083431252906,37.5285959940336
서울특별시 광진구 자양동 642,127.078283311318,37.5286281569959
서울특별시 광진구 자양동 520-2,127.073930619283,37.5333678512725
서울특별시 광진구 자양동 695,127.09106416094,37.5312608357919
서울특별시 광진구 자양동 670,127.083431252906,37.5285959940336
서울특별시 광진구 자양동 853,127.061803258284,37.5336222778297
서울특별시 광진구 자양동 695,127.09106416094,37.5312608357919
서울특별시 광진구 자양동 553-41,127.071124930366,37.5348184528521
서울특별시 광진구 자양동 786,127.071701372597,37.5328606864778
서울특별시 광진구 자양동 792,127.070549188528,37.5334737317728
서울특별시 광진구 자양동 520-2,127.073930619283,37.5333678512725
서울특별시 광진구 자양동 515-1,127.070583392884,37.5366955983178
서울특별시 광진구 자양동 783-1,127.074584189017,37.5364481687078
서울특별시 광진구 자양동 644,127.08137310012,37.5281324470382
서울특별시 광진구 자양동 787,127.071712902478,37.5322232177042
서울특별시 광진구 자양동 520-2,127.073930619283,37.5333678512725
서울특별시 광진구 자양동 695,127.09106416094,37.5312608357919
서울특별시 광진구 자양동 792,127.070549188528,37.5334737317728
서울특별시 광진구 자양동 579,127.075604655476,37.5344378505037
서울특별시 광진구 자양동 644,127.08137310012,37.5281324470382
서울특별시 광진구 자양동 516,127.071892224601,37.5359972647531
서울특별시 광진구 자양동 787,127.071712902478,37.5322232177042
서울특별시 광진구 자양동 787,127.071712902478,37.5322232177042
